"ID","Description","GeneRatio","BgRatio","RichFactor","FoldEnrichment","zScore","pvalue","p.adjust","qvalue","geneID","Count"
"GO:0031012","extracellular matrix","8/50","496/19944",0.0161290322580645,6.43354838709677,6.14336181877019,2.96478926073217e-05,0.00218050777978725,0.00175706978988301,"MMP9/MMP1/ELANE/F7/MMP3/ACHE/ADAMTS5/CTSL",8
"GO:0030312","external encapsulating structure","8/50","497/19944",0.0160965794768612,6.42060362173038,6.13505878180805,3.00759693763758e-05,0.00218050777978725,0.00175706978988301,"MMP9/MMP1/ELANE/F7/MMP3/ACHE/ADAMTS5/CTSL",8
"GO:0045121","membrane raft","6/50","291/19944",0.0206185567010309,8.22432989690722,6.22370253419298,8.49165529143902e-05,0.0031963744288123,0.00257566287911554,"SLC6A4/KDR/SLC6A3/APP/ADAM17/DPP4",6
"GO:0098857","membrane microdomain","6/50","293/19944",0.0204778156996587,8.16819112627986,6.1968395122271,8.81758463120634e-05,0.0031963744288123,0.00257566287911554,"SLC6A4/KDR/SLC6A3/APP/ADAM17/DPP4",6
"GO:0005788","endoplasmic reticulum lumen","5/50","319/19944",0.0156739811912226,6.25203761755486,4.74064600614335,0.00119223144311481,0.0345747118503296,0.0278605663548935,"F7/APP/ADAM17/ADAMTS5/FLT3",5
"GO:0071682","endocytic vesicle lumen","2/50","23/19944",0.0869565217391304,34.6852173913043,8.10339286585037,0.00150682005571836,0.0364148180131937,0.029343337927147,"MPO/CTSL",2
"GO:0030139","endocytic vesicle","5/50","361/19944",0.0138504155124654,5.52465373961219,4.34929162248382,0.00205299178424733,0.0425262583879803,0.0342679831656321,"ELANE/TLR9/MPO/DPP4/CTSL",5
"GO:0036019","endolysosome","2/50","31/19944",0.0645161290322581,25.7341935483871,6.90922673620684,0.00273424049557873,0.0495581089823645,0.0399343019748999,"TLR9/CTSL",2
